<?xml version="1.0" encoding="UTF-8" standalone="yes"?>
<addon id="context.wutu" name="Wutu - Global Context Menu Items" provider-name="Ezra-Hubbard" version="0.0.3">
	<requires>
		<import addon="script.module.requests" version="2.19.1" />
	</requires>
	<extension point="kodi.context.item">
		<menu id="kodi.core.main">
			<item library="contextSettings.py">
				<label>[B][COLOR lime]Wutu[/COLOR][/B] - CM Settings</label>
				<visible>
					!String.IsEmpty(Window(home).Property(context.wutu.settings)) +
					String.StartsWith(ListItem.path,plugin://plugin.video.wutu/) +
					String.IsEqual(ListItem.Property(isWutu_widget),true)
				</visible>
			</item>
			<item library="traktManager.py">
				<label>[B][COLOR lime]Wutu[/COLOR][/B] - Trakt Manager</label>
				<visible>
					!String.IsEmpty(Window(home).Property(context.wutu.traktManager)) +
					String.StartsWith(ListItem.path,plugin://plugin.video.wutu/) +
					String.IsEqual(ListItem.Property(isWutu_widget),true) +
					[String.IsEqual(ListItem.dbtype,episode) | String.IsEqual(ListItem.dbtype,tvshow) | String.IsEqual(ListItem.dbtype,season) | String.IsEqual(ListItem.dbtype,movie)]
				</visible>
			</item>
			<item library="clearProviders.py">
				<label>[B][COLOR lime]Wutu[/COLOR][/B] - Clear Providers</label>
				<visible>
					[!String.IsEmpty(Window(home).Property(context.wutu.clearProviders)) +
					String.StartsWith(ListItem.FolderPath,plugin://plugin.video.wutu/?action=play) +
					String.IsEqual(ListItem.Property(isWutu_widget),true) +
					[String.IsEqual(ListItem.dbtype,episode) | String.IsEqual(ListItem.dbtype,movie)]] |
					[String.Contains(Container.FolderPath,videodb://) +
					[String.Contains(Container.ListItem.Path,Window(home).Property(wutu.movieLib.path)) | String.Contains(Container.ListItem.Path,Window(home).Property(wutu.tvLib.path))] +
					[String.IsEqual(ListItem.dbtype,episode) | String.IsEqual(ListItem.dbtype,movie)]]
				</visible>
			</item>
			<item library="clearBookmark.py">
				<label>[B][COLOR lime]Wutu[/COLOR][/B] - Clear Item Bookmark</label>
				<visible>
					!String.IsEmpty(Window(home).Property(context.wutu.clearBookmark)) +
					String.StartsWith(ListItem.FolderPath,plugin://plugin.video.wutu/?action=play) +
					String.IsEqual(ListItem.Property(isWutu_widget),true) +
					ListItem.IsResumable +
					[String.IsEqual(ListItem.dbtype,episode) | String.IsEqual(ListItem.dbtype,movie)]
				</visible>
			</item>
			<item library="rescrape.py">
				<label>[B][COLOR lime]Wutu[/COLOR][/B] - Rescrape Item</label>
				<visible>
					[!String.IsEmpty(Window(home).Property(context.wutu.rescrape)) +
					String.StartsWith(ListItem.FolderPath,plugin://plugin.video.wutu/?action=play) +
					String.IsEqual(ListItem.Property(isWutu_widget),true) +
					[String.IsEqual(ListItem.dbtype,episode) | String.IsEqual(ListItem.dbtype,movie)]]
				</visible>
			</item>
			<item library="libRescrape.py">
				<label>[B][COLOR lime]Wutu[/COLOR][/B] - Rescrape Lib Item</label>
				<visible>
					String.Contains(Container.FolderPath,videodb://) +
					[String.Contains(Container.ListItem.Path,Window(home).Property(wutu.movieLib.path)) | String.Contains(Container.ListItem.Path,Window(home).Property(wutu.tvLib.path))] +
					[String.IsEqual(ListItem.dbtype,episode) | String.IsEqual(ListItem.dbtype,movie)]
				</visible>
			</item>
			<item library="playFromHere.py">
				<label>[B][COLOR lime]Wutu[/COLOR][/B] - Play from here</label>
				<visible>
					!String.IsEmpty(Window(home).Property(context.wutu.playFromHere)) +
					String.StartsWith(ListItem.path,plugin://plugin.video.wutu/) +
					String.IsEqual(ListItem.Property(isWutu_widget),true) +
					String.IsEqual(ListItem.dbtype,episode)
				</visible>
			</item>
			<item library="autoPlay.py">
				<label>[B][COLOR lime]Wutu[/COLOR][/B] - Auto Play</label>
				<visible>
					String.IsEmpty(Window(home).Property(wutu.autoPlay.enabled)) +
					!String.IsEmpty(Window(home).Property(context.wutu.autoPlay)) +
					String.StartsWith(ListItem.FolderPath,plugin://plugin.video.wutu/?action=play) +
					String.IsEqual(ListItem.Property(isWutu_widget),true) +
					[String.IsEqual(ListItem.dbtype,episode) | String.IsEqual(ListItem.dbtype,movie)]
				</visible>
			</item>
			<item library="sourceSelect.py">
				<label>[B][COLOR lime]Wutu[/COLOR][/B] - Source Select</label>
				<visible>
					!String.IsEmpty(Window(home).Property(wutu.autoPlay.enabled)) +
					!String.IsEmpty(Window(home).Property(context.wutu.sourceSelect)) +
					String.StartsWith(ListItem.FolderPath,plugin://plugin.video.wutu/?action=play) +
					String.IsEqual(ListItem.Property(isWutu_widget),true) +
					[String.IsEqual(ListItem.dbtype,episode) | String.IsEqual(ListItem.dbtype,movie)]
				</visible>
			</item>
			<item library="findSimilar.py">
				<label>[B][COLOR lime]Wutu[/COLOR][/B] - Find Similar</label>
				<visible>
					!String.IsEmpty(Window(home).Property(context.wutu.findSimilar)) +
					String.StartsWith(ListItem.path,plugin://plugin.video.wutu/) +
					String.IsEqual(ListItem.Property(isWutu_widget),true) +
					[String.IsEqual(ListItem.dbtype,tvshow) | String.IsEqual(ListItem.dbtype,movie)]
				</visible>
			</item>
			<item library="browseSeries.py">
				<label>[B][COLOR lime]Wutu[/COLOR][/B] - Browse Series</label>
				<visible>
					!String.IsEmpty(Window(home).Property(context.wutu.browseSeries)) +
					String.StartsWith(ListItem.path,plugin://plugin.video.wutu/) +
					String.IsEqual(ListItem.Property(isWutu_widget),true) +
					[String.IsEqual(ListItem.dbtype,episode) | String.IsEqual(ListItem.dbtype,tvshow)]
				</visible>
			</item>
			<item library="browseEpisodes.py">
				<label>[B][COLOR lime]Wutu[/COLOR][/B] - Browse Episodes</label>
				<visible>
					!String.IsEmpty(Window(home).Property(context.wutu.browseEpisodes)) +
					String.StartsWith(ListItem.path,plugin://plugin.video.wutu/) +
					String.IsEqual(ListItem.Property(isWutu_widget),true) +
					String.IsEqual(ListItem.dbtype,episode)
				</visible>
			</item>
		</menu>
	</extension>
	<extension point="xbmc.service" library="service.py" />
	<extension point="xbmc.addon.metadata">
		<summary lang="en">Wutu - This Addon is currently in beta. Please be aware there may be bugs present</summary>
		<description lang="en">Adds Global Contextual Menu Items for Wutu menu items throughout Kodi</description>
		<platform>all</platform>
		<license>GNU GENERAL PUBLIC LICENSE. Version 3, 29 June 2007</license>
		<forum></forum>
		<disclaimer lang="en"></disclaimer>
		<assets>
			<icon>icon.png</icon>
			<fanart>fanart.png</fanart>
			<screenshot></screenshot>
		</assets>
		<news>
[B][COLOR lime]Update - v0.0.1[/COLOR][/B]
[COLOR lime]--[/COLOR][I][/I]
		</news>
	</extension>
</addon>
